<?xml version="1.0" encoding="UTF-8"?>

<formData>
    <hero id="1">
        <personalInformation>
            <realName>Nick Nedd</realName>
            <gender>Male</gender>
            <e-mail>nick@tick.com</e-mail>
            <birthYear>>1976</birthYear>>> 
        </personalInformation>
        <heroInformation>
            <heroName>The tick</heroName>
            <spandex>True</spandex>
            <strength>9</strength>
            <speed>7</speed>
            <intelligence>5</intelligence>
        </heroInformation>
        <economicInformation>
            <wealth>0</wealth>
            <income>90287</income>
            <tax>29794</tax>
        </economicInformation>
    </hero>
    <hero id="2">
        <personalInformation>
            <realName>Bruce Wayne</realName>
            <gender>Male</gender>
            <e-mail>bruce@wayneenterprises.com</e-mail>
            <birthYear>>1974</birthYear>>> 
        </personalInformation>
        <heroInformation>
            <heroName>Batman</heroName>
            <spandex>False</spandex>
            <strength>7</strength>
            <speed>4</speed>
            <intelligence>9</intelligence>
        </heroInformation>
        <economicInformation>
            <wealth>50144501</wealth>
            <income>90287</income>
            <tax>11132384</tax>
        </economicInformation>   
    </hero>
    <hero id="3">
        <personalInformation>
            <realName>Selina Kyle</realName>
            <gender>Female</gender>
            <e-mail>selina@whiskas.com</e-mail>
            <birthYear>>1977</birthYear>>> 
        </personalInformation>
        <heroInformation>
            <heroName>Catwoman</heroName>
            <spandex>True</spandex>
            <strength>6</strength>
            <speed>6</speed>
            <intelligence>9</intelligence>
        </heroInformation>
        <economicInformation>
            <wealth>2987323</wealth>
            <income>0</income>
            <tax>597464</tax>
        </economicInformation>
    </hero>
</formData>